CHAIN,AVG_GAS_COST
Arbitrum,0.3705580441
Avalanche,0.5501701383
BSC,0.2670365087
Base,0.4550382814
Optimism,0.5434992756
Polygon,0.1115151
﻿