CHAIN,COST_PER_DOLLAR
Arbitrum,0.0002970838519
Avalanche,0.0008211248768
BSC,0.001296694063
Base,0.0008955756746
Optimism,0.002451050268
Polygon,0.0001463699308
﻿